userName,userID,accCreatedAt,followCreatedAt
dikela93,427351940,2019-04-01 21:17:32,2020-10-25 21:59:09
ojoojoojo2121,599471756,2020-10-24 18:55:50,2020-10-24 19:14:12
chuckmunismo,182424154,2017-11-19 13:17:45,2020-10-18 17:26:02
elderbarrst,135890363,2016-10-01 19:16:30,2020-10-18 17:24:22
rid3d,227517294,2018-05-31 11:24:30,2020-10-18 02:58:18
alexmaniia97,88241399,2015-04-11 16:20:34,2020-10-18 02:50:31
sergiomurci,39959584,2013-02-02 16:39:35,2020-10-18 02:50:16
ryurtista,174102169,2017-09-14 02:54:09,2020-10-14 20:40:47
xxhannya,594776223,2020-10-11 23:47:32,2020-10-11 23:51:37
velouress,409237760,2019-01-13 19:11:24,2020-10-11 23:46:01
bryan_pal,101309409,2015-09-03 05:07:00,2020-10-09 23:25:11
adriicraz,116587429,2016-02-21 20:55:01,2020-10-07 19:32:46
jluistl,534715676,2020-05-23 21:21:00,2020-10-07 19:05:21
yoli211,213765840,2018-04-12 18:17:25,2020-10-07 00:15:29
diegatus,471960463,2019-11-10 12:45:36,2020-10-05 20:42:00
97blackhat,178775088,2017-10-22 20:14:16,2020-10-05 20:41:49
ricard0228,591622450,2020-10-04 01:24:41,2020-10-05 20:25:31
bautifranco27,501102805,2020-03-19 19:46:30,2020-10-04 01:25:28
nytr3s,524164470,2020-05-02 09:47:40,2020-10-02 16:43:42
itsmengox,200626828,2018-03-02 15:56:17,2020-10-02 07:56:58
mast3redu,444122415,2019-06-26 03:29:55,2020-10-01 13:34:49
pepe_ninguno,536240333,2020-05-27 15:38:21,2020-09-30 22:40:32
oriiusero,188324796,2018-01-01 18:30:50,2020-09-30 22:32:36
matrixlmx,236696951,2018-07-07 02:33:23,2020-09-30 21:30:35
heromaxter,95127648,2015-07-03 11:25:38,2020-09-30 20:49:37
mxxgui,506907679,2020-04-01 19:23:45,2020-09-30 20:49:20
samdpd,495159632,2020-02-25 11:51:14,2020-09-30 20:37:18
hater_of_mondays,105890060,2015-11-01 19:18:39,2020-09-30 20:27:34
sirmindii,138075022,2016-10-27 21:33:12,2020-09-30 20:20:11
thomas90e8,234955567,2018-06-29 17:07:09,2020-09-30 20:16:58
obtuso_o,575471831,2020-08-30 17:20:59,2020-09-30 20:16:46
jimmyzzaa,547564444,2020-06-25 01:13:01,2020-09-30 20:16:28
otakuliao_,402184484,2018-12-15 10:51:16,2020-09-30 20:14:51
jbenaventl,239204117,2018-07-17 01:47:53,2020-09-30 19:54:38
nairulino,128762712,2016-07-06 16:48:48,2020-09-30 19:52:29
paablofdeez,163714537,2017-07-09 17:45:12,2020-09-30 19:43:24
xpinscher,182849600,2017-11-22 20:58:31,2020-09-30 19:42:51
xxtortorxxx,55408455,2014-01-22 14:45:50,2020-09-30 19:24:53
17eligomezz,557151787,2020-07-21 21:44:53,2020-09-30 19:24:35
albertobetancort,208471488,2018-03-25 18:09:04,2020-09-30 19:19:39
imlilsnake,500406144,2020-03-17 21:39:47,2020-09-30 19:12:50
robert1722,101880021,2015-09-10 17:47:27,2020-09-30 19:12:24
dsaez02,132992416,2016-08-24 00:51:51,2020-09-30 19:12:22
thetaner,112636198,2016-01-13 18:28:35,2020-09-30 19:12:07
juank__,188494947,2018-01-02 20:17:30,2020-09-30 18:50:37
obtusoespa,514481064,2020-04-15 11:19:18,2020-09-30 18:31:15
darkz313,420124249,2019-02-28 14:51:09,2020-09-30 18:23:54
alvaroioioioi,551391495,2020-07-05 19:59:44,2020-08-15 00:58:31
emiiilo,61794184,2014-04-28 21:02:05,2020-08-10 19:10:21
viruz_1006,519994981,2020-04-25 01:14:42,2020-08-10 00:24:56
tuntrion,537187298,2020-05-29 22:45:31,2020-07-20 20:54:19
cralsp10,556237705,2020-07-19 05:43:07,2020-07-20 16:46:12
tobias_tedyy,537104932,2020-05-29 19:14:14,2020-07-15 23:04:14
daveoneofficial,547206098,2020-06-24 02:07:51,2020-07-07 23:11:49
pajaro13_7w7,551736180,2020-07-06 20:15:09,2020-07-06 20:22:49
tizi1i,522470778,2020-04-29 06:37:49,2020-07-06 19:03:20
eldudegeodude,248691125,2018-08-17 11:15:44,2020-06-26 19:21:51
nombelagg,124101159,2016-05-13 02:08:24,2020-06-20 15:56:39
emilio_ortega_2,538736893,2020-06-02 19:32:01,2020-06-19 18:21:32
viila__,54686246,2014-01-09 17:16:39,2020-06-17 20:36:06
syciih,484524698,2020-01-08 22:41:48,2020-06-15 15:19:40
xxalcoxx,138705356,2016-11-04 16:18:18,2020-06-07 22:06:51
tocxi,466643696,2019-10-12 20:41:11,2020-06-03 21:12:47
vilimtz,92358676,2015-05-31 16:52:26,2020-05-28 20:43:13
elver_galarga62,536318205,2020-05-27 19:46:58,2020-05-27 20:10:47
el_rizmo,499763646,2020-03-15 23:05:12,2020-05-24 03:24:44
joni78,480297905,2019-12-27 17:01:44,2020-05-24 01:30:00
acronos6,458635588,2019-09-01 16:24:26,2020-05-23 00:59:51
shatryk,144573302,2017-01-12 16:49:42,2020-05-09 21:05:46
selesiete,528163936,2020-05-09 19:13:41,2020-05-09 19:14:21
danielbasto1995,82956198,2015-02-17 17:21:13,2020-05-09 19:12:10
sloxtt,498906388,2020-03-12 18:22:25,2020-05-03 13:32:22
zaisen,27927239,2012-02-03 00:34:07,2020-05-03 03:05:44
tumamatieneolor,520027022,2020-04-25 02:32:30,2020-04-27 19:47:16
insky98,214199649,2018-04-14 15:53:31,2020-04-25 21:55:03
imfuriaz,516789190,2020-04-19 02:15:26,2020-04-25 13:26:05
gvdiego5,518924540,2020-04-23 02:26:51,2020-04-24 00:31:32
davidsangre,518313701,2020-04-22 00:04:47,2020-04-22 00:07:21
juankmrt,50117253,2013-10-13 13:10:44,2020-04-21 23:36:29
s1nrostro,135743846,2016-10-01 02:47:16,2020-04-21 14:50:44
eduangulo,219739475,2018-05-09 20:10:28,2020-04-21 02:11:52
nightozzy,160353132,2017-06-16 01:41:38,2020-04-20 20:06:51
itskaiserr,199743495,2018-03-01 16:48:38,2020-04-20 20:06:09
elcaezadehaba69,160570238,2017-06-18 02:42:03,2020-04-20 19:59:43
benjaminrexlol,194291895,2018-02-02 02:50:50,2020-04-20 19:59:28
chilldragonfly,66905736,2014-07-21 22:35:29,2020-04-18 14:50:48
xpaniel,48971066,2013-09-14 15:26:48,2020-04-17 20:48:41
xaxote,191291271,2018-01-17 18:50:28,2020-04-13 22:14:49
frobitee,57733284,2014-02-25 23:18:14,2020-04-12 23:31:09
ddrakah,271967855,2018-11-03 13:26:10,2020-04-12 18:02:48
thetruegelendruck,114478402,2016-01-31 23:10:29,2020-04-12 05:05:28
crazyness_8,178425141,2017-10-20 12:34:19,2020-04-11 19:14:38
cuentistadecuentos,99746868,2015-08-19 16:57:50,2020-04-05 17:28:24
thestedyone,55100936,2014-01-16 22:30:18,2020-03-30 20:10:48
ganonodorf,96876780,2015-07-22 19:05:31,2020-03-29 01:38:39
guiye95,33654871,2012-08-14 04:16:56,2020-03-29 01:38:22
theshinigami8,109430518,2015-12-13 17:54:45,2020-03-26 21:36:29
amgylove26,177480135,2017-10-13 02:39:31,2020-03-26 19:13:57
keyhas,55789652,2014-01-29 22:56:53,2020-03-25 21:28:43
kaly23xx,228724634,2018-06-05 00:06:00,2020-03-20 19:08:29
jsza21,474830254,2019-11-26 23:42:14,2020-03-15 21:54:10
sktdonpeyote,68519427,2014-08-09 02:32:34,2020-03-15 21:52:27
luismel19,235601922,2018-07-02 08:47:27,2020-03-14 00:58:48
mippoyatiessa,430176375,2019-04-15 13:02:40,2020-03-06 21:49:30
agente_xd,253086949,2018-08-29 14:05:25,2020-03-06 21:23:36
elptopopa,272652659,2018-11-05 19:53:58,2020-03-03 21:28:47
fraguilla,82608107,2015-02-14 02:56:29,2020-01-20 12:04:24
aireeen,147355078,2017-02-09 18:58:35,2020-01-16 17:26:53
djonny98,179859012,2017-10-30 23:21:48,2020-01-16 17:26:08
camilari13,161292806,2017-06-23 17:22:25,2020-01-09 18:06:10
pacman94twitch,173501195,2017-09-09 15:48:55,2019-11-18 17:33:30
delasherass,186458397,2017-12-19 12:05:47,2019-10-31 17:42:59
beeruspump,159556244,2017-06-09 00:05:24,2019-10-24 18:52:25
mikury12,179074964,2017-10-24 23:19:28,2019-08-21 04:01:26
diablillo_x9,134339855,2016-09-10 03:37:15,2019-07-25 22:54:03
jay_manquinha,75637593,2014-11-21 19:15:28,2019-07-23 22:23:01
pablosky42,81557881,2015-02-01 20:59:11,2019-07-22 16:29:04
sonkelot,90317731,2015-05-05 16:09:57,2019-07-20 18:57:10
duvancho15,45394821,2013-06-30 00:39:45,2019-07-17 23:52:39
sinfe13,62684578,2014-05-16 16:12:31,2017-01-07 20:24:43
carlossp93,76935089,2014-12-10 14:38:32,2017-01-07 20:22:44
irod3s,39622213,2013-01-23 22:19:04,2017-01-07 19:47:26
danisacris,77735353,2014-12-22 17:46:12,2015-03-01 23:40:18
